INSERT INTO consoles (console_name, controllers, release_year, release_price, online_capable) VALUES('Nintendo 64', '4', 1996, '199.99', '0'),
('Nintendo Wii', '4', 2006, '249.99', '1'),
('Sega Genesis', '2', 1988, '189.00', '0'),
('Xbox 360', '4', 2005, '299.00', '1'),
('Xbox Original', '4', 2001, '299.99', '1'),
('Playstation', '2', 1994, '299.00', '0'),
('Playstation 2', '2', 2000, '299.00', '1'),
('Nintendo Gamecube', '4', 2001, '199.00', '1'),
('Sega Dreamcast', '4', 1998, '199.00', '1');

INSERT INTO games_on_consoles (game_name, console_name) VALUES ('Sonic The Hedgehog', 'Sega Genesis'),
('Sonic The Hedgehog 2', 'Sega Genesis'),
('Battletoads', 'Sega Genesis'),
('The Lost Vikings', 'Sega Genesis'),
('Zombies Ate My Neighbors', 'Sega Genesis'),
('Final Fantasy VII', 'Playstation'),
('Final Fantasy IX', 'PlayStation'),
('Tekken 3', 'Playstation'),
('Spyro: Year of the Dragon', 'Playstation'),
('The Legend of Dragoon', 'Playstation'),
('Super Mario 64', 'Nintendo 64'),
('Mario Party', 'Nintendo 64'),
('GoldenEye 007', 'Nintendo 64'),
('Super Smash Bros.', 'Nintendo 64'),
('Mario Kart 64', 'Nintendo 64'),
('Donkey Kong 64', 'Nintendo 64'),
('Pokemon Stadium', 'Nintendo 64'),
('Super Smash Bros. Melee', 'Nintendo Gamecube'),
('Mario Party 6', 'Nintendo Gamecube'),
('Paper Mario: The Thousand-Year Door', 'Nintendo Gamecube'),
('The Legend of Zelda: The Wind Waker', 'Nintendo Gamecube'),
('Soulcalibur II', 'Nintendo Gamecube'),
('Super Smash Bros. Brawl', 'Nintendo Wii'),
('The Legend of Zelda: Twilight Princess', 'Nintendo Wii'),
('Wii Sports', 'Nintendo Wii'),
('Mario Party 8', 'Nintendo Wii'),
('Rayman Raving Rabbids', 'Nintendo Wii'),
('Final Fantasy X', 'Playstation 2'),
('Guitar Hero II', 'Playstation 2'),
('Dynasty Warriors 3', 'Playstation 2'),
('Grand Theft Auto III', 'Playstation 2'),
('God of War', 'Playstation 2'),
('Power Stone', 'Sega Dreamcast'),
('Marvel vs. Capcom 2: New Age of Heroes', 'Sega Dreamcast'),
('Jet Set Radio', 'Sega Dreamcast'),
('Sonic Adventure', 'Sega Dreamcast'),
('Worms', 'Sega Dreamcast'),
('Gears of War', 'Xbox 360'),
('Halo 2', 'Xbox 360'),
('Halo 3', 'Xbox 360'),
('Soulcalibur II', 'Xbox 360'),
('Trials Evolution', 'Xbox 360'),
('Dead or Alive 3', 'Xbox Original'),
('Mortal Kombat: Deception', 'Xbox Original'),
('Tao Feng: Fist of the Lotus', 'Xbox Original'),
('TimeSplitters: Future Perfect', 'Xbox Original'),
('Brute Force', 'Xbox Original'),
('Counter-Strike', 'Xbox Original'),
('Halo: Combat Evolved', 'Xbox Original');

INSERT INTO users (full_name, user_name) VALUES ('Shawn O\'Brien', 'DefaultProfile'),
('Guest One', 'GuestUser1'),
('Guest Two', 'GuestUser2'),
('Guest Three', 'GuestUser3'),
('Test Person', 'tester123'),
('Update Test', 'test345');

INSERT INTO user_consoles (person_id, console_serial_num, console_name) VALUES ('5', '123456', 'Sega Genesis'),
('6', '234566', 'Playstation'),
('6', '345678', 'Nintendo 64');

INSERT INTO user_games (person_id, game_serial_num, game_name, console_name) VALUES ('5', '1234546', 'Soulcalibur II', 'Nintendo Gamecube'),
('5', '1234567', 'Soulcalibur II', 'Xbox 360'),
('6', '654320', 'Donkey Kong 64', 'Nintendo 64'),
('6', '111111', 'Wii Sports', 'Nintendo Wii');